Title,Company,Location,Types,Link
Data Science Intern with verification,Hewlett Packard Enterprise,"Spring, TX ",Hybrid,https://www.linkedin.com/jobs/view/4287993556/?eBP=NOT_ELIGIBLE_FOR_CHARGING&refId=2aDezsNWe7sJoWgjyUVqOQ%3D%3D&trackingId=F7kuF1Vn0XmQZd6mV8bROQ%3D%3D&trk=flagship3_search_srp_jobs
Data Science Machine Learning Internship (Summer 2026) with verification,Castleton Commodities International,"Stamford, CT ",On-site,https://www.linkedin.com/jobs/view/4268348159/?eBP=NOT_ELIGIBLE_FOR_CHARGING&refId=2aDezsNWe7sJoWgjyUVqOQ%3D%3D&trackingId=vJbVbjnk1b%2BH8U9OMVpezQ%3D%3D&trk=flagship3_search_srp_jobs
"Intern, Data Science with verification",Rigel Pharmaceuticals Inc.,United States ,Remote,https://www.linkedin.com/jobs/view/4288281643/?eBP=NOT_ELIGIBLE_FOR_CHARGING&refId=2aDezsNWe7sJoWgjyUVqOQ%3D%3D&trackingId=Ru6K51brpAoMP8zkjwHwEg%3D%3D&trk=flagship3_search_srp_jobs
Data Science Intern (Summer 2026) with verification,Grainger,"Lake Forest, IL ",Hybrid,https://www.linkedin.com/jobs/view/4283409937/?eBP=NOT_ELIGIBLE_FOR_CHARGING&refId=2aDezsNWe7sJoWgjyUVqOQ%3D%3D&trackingId=swEvQpft%2BzE7Lejc6pgdkg%3D%3D&trk=flagship3_search_srp_jobs
Data Science Intern,PricingService.ai,"Colorado, United States ",Remote,https://www.linkedin.com/jobs/view/4278476327/?eBP=BUDGET_EXHAUSTED_JOB&refId=2aDezsNWe7sJoWgjyUVqOQ%3D%3D&trackingId=2xih6yZzfQxN81PREjOtMQ%3D%3D&trk=flagship3_search_srp_jobs
Virtual Data Analyst / Entry Level (Remote),"ТОВ ""TOKMASTER"" ",United States ,Remote,https://www.linkedin.com/jobs/view/4289251118/?eBP=NOT_ELIGIBLE_FOR_CHARGING&refId=2aDezsNWe7sJoWgjyUVqOQ%3D%3D&trackingId=Hah7uB1Q10V%2Bfrvombl6DA%3D%3D&trk=flagship3_search_srp_jobs
Data Science & Business Insights Intern Fall 2025,Tektronix,United States ,Remote,https://www.linkedin.com/jobs/view/4289138706/?eBP=NOT_ELIGIBLE_FOR_CHARGING&refId=2aDezsNWe7sJoWgjyUVqOQ%3D%3D&trackingId=QbiZZlCkPvE8Tpa11w5mEQ%3D%3D&trk=flagship3_search_srp_jobs
"Intern, IT - Operations Research and Data Science - ATL (Summer 2026) with verification",Delta Air Lines,"Atlanta, GA ",Hybrid,https://www.linkedin.com/jobs/view/4282198967/?eBP=NOT_ELIGIBLE_FOR_CHARGING&refId=2aDezsNWe7sJoWgjyUVqOQ%3D%3D&trackingId=4ylQ1WshKLss6Y2Rprzr7Q%3D%3D&trk=flagship3_search_srp_jobs
Intern,Menstrual Equity Initiative (MĚI),United States ,Remote,https://www.linkedin.com/jobs/view/4289110597/?eBP=NOT_ELIGIBLE_FOR_CHARGING&refId=2aDezsNWe7sJoWgjyUVqOQ%3D%3D&trackingId=t2sii09iC4ftWXF07Z76Pg%3D%3D&trk=flagship3_search_srp_jobs
Data Science Intern (Year-Round) with verification,BorgWarner,"Auburn Hills, MI ",Hybrid,https://www.linkedin.com/jobs/view/4276880127/?eBP=NOT_ELIGIBLE_FOR_CHARGING&refId=2aDezsNWe7sJoWgjyUVqOQ%3D%3D&trackingId=7yM7wAeuJVxrn8uGBvUrPQ%3D%3D&trk=flagship3_search_srp_jobs
